{"text": " welcome to the monthly planning meeting I am Prena and we have completed over 70% of our project and the deadline for submitting the prototype is Friday we have decided to launch the project by Sunday it's really urgent and we need to finish it asap Raj will take action on the feedback one important thing let's schedule a follow-up by Wednesday to track this task", "segments": [{"id": 0, "seek": 0, "start": 0.0, "end": 10.76, "text": " welcome to the monthly planning meeting I am Prena and we have completed over 70% of our", "tokens": [50365, 2928, 281, 264, 12878, 5038, 3440, 286, 669, 6001, 629, 293, 321, 362, 7365, 670, 5285, 4, 295, 527, 50903], "temperature": 0.0, "avg_logprob": -0.1771227821471199, "compression_ratio": 1.4756756756756757, "no_speech_prob": 8.99802714976472e-12}, {"id": 1, "seek": 0, "start": 10.76, "end": 18.36, "text": " project and the deadline for submitting the prototype is Friday we have decided to launch", "tokens": [50903, 1716, 293, 264, 20615, 337, 31836, 264, 19475, 307, 6984, 321, 362, 3047, 281, 4025, 51283], "temperature": 0.0, "avg_logprob": -0.1771227821471199, "compression_ratio": 1.4756756756756757, "no_speech_prob": 8.99802714976472e-12}, {"id": 2, "seek": 0, "start": 18.36, "end": 24.36, "text": " the project by Sunday it's really urgent and we need to finish it asap Raj will take action on", "tokens": [51283, 264, 1716, 538, 7776, 309, 311, 534, 19022, 293, 321, 643, 281, 2413, 309, 382, 569, 16745, 486, 747, 3069, 322, 51583], "temperature": 0.0, "avg_logprob": -0.1771227821471199, "compression_ratio": 1.4756756756756757, "no_speech_prob": 8.99802714976472e-12}, {"id": 3, "seek": 2436, "start": 24.36, "end": 30.84, "text": " the feedback one important thing let's schedule a follow-up by Wednesday to track this task", "tokens": [50365, 264, 5824, 472, 1021, 551, 718, 311, 7567, 257, 1524, 12, 1010, 538, 10579, 281, 2837, 341, 5633, 50689], "temperature": 0.0, "avg_logprob": -0.15792561712719144, "compression_ratio": 1.0963855421686748, "no_speech_prob": 2.1874876042493607e-12}], "language": "English"}