{"text": " Good morning everyone. Welcome to the monthly planning meeting. I am Prerna and we have completed over 70% of our project and it's very urgent to submit the report by Friday. Thank you.", "segments": [{"id": 0, "seek": 0, "start": 0.0, "end": 17.0, "text": " Good morning everyone. Welcome to the monthly planning meeting. I am Prerna and we have completed over 70% of our project and it's very urgent to submit the report by Friday. Thank you.", "tokens": [50397, 2205, 2446, 1518, 13, 4027, 281, 264, 12878, 5038, 3440, 13, 286, 669, 2114, 22250, 293, 321, 362, 7365, 670, 5285, 4, 295, 527, 1716, 293, 309, 311, 588, 19022, 281, 10315, 264, 2275, 538, 6984, 13, 1044, 291, 13, 51215], "temperature": 0.0, "avg_logprob": -0.14752726222193518, "compression_ratio": 1.2937062937062938, "no_speech_prob": 2.8323406120467354e-11}], "language": "English"}