{"text": " Welcome to the monthly planning meeting. Good morning everyone. The deadline for the UI prototype is this Friday. It's really urgent and we need to finish it ASAP. Raj will take action on the feedback we received. One important thing, we must not forget the client presentation next week. Let's schedule a follow-up meeting on Wednesday to check on this task.", "segments": [{"id": 0, "seek": 0, "start": 0.0, "end": 25.080000000000002, "text": " Welcome to the monthly planning meeting. Good morning everyone. The deadline for the UI prototype is this Friday. It's really urgent and we need to finish it ASAP. Raj will take action on the feedback we received. One important thing, we must not forget the client presentation next week. Let's schedule a follow-up meeting on Wednesday to check on this task.", "tokens": [50365, 4027, 281, 264, 12878, 5038, 3440, 13, 2205, 2446, 1518, 13, 440, 20615, 337, 264, 15682, 19475, 307, 341, 6984, 13, 467, 311, 534, 19022, 293, 321, 643, 281, 2413, 309, 7469, 4715, 13, 16745, 486, 747, 3069, 322, 264, 5824, 321, 4613, 13, 1485, 1021, 551, 11, 321, 1633, 406, 2870, 264, 6423, 5860, 958, 1243, 13, 961, 311, 7567, 257, 1524, 12, 1010, 3440, 322, 10579, 281, 1520, 322, 341, 5633, 13, 51619], "temperature": 0.0, "avg_logprob": -0.14830111218737319, "compression_ratio": 1.471311475409836, "no_speech_prob": 9.752113179495314e-12}], "language": "English"}