{"text": " Hello, I'm Prena, so I'm here for the testing of this recorder.", "segments": [{"id": 0, "seek": 0, "start": 0.0, "end": 6.78, "text": " Hello, I'm Prena, so I'm here for the testing of this recorder.", "tokens": [50365, 2425, 11, 286, 478, 6001, 629, 11, 370, 286, 478, 510, 337, 264, 4997, 295, 341, 37744, 13, 50704], "temperature": 0.0, "avg_logprob": -0.23664690199352445, "compression_ratio": 0.9545454545454546, "no_speech_prob": 2.5347499099659387e-10}], "language": "English"}