{"text": " Welcome to the monthly planning meeting. I am Prerina. We have completed the transcription feature and tested it successfully. Next step is to demo the project on Monday and submit the report by Friday. I will take care of the report presentation. Thank you.", "segments": [{"id": 0, "seek": 0, "start": 0.0, "end": 18.0, "text": " Welcome to the monthly planning meeting. I am Prerina. We have completed the transcription feature and tested it successfully. Next step is to demo the project on Monday and submit the report by Friday. I will take care of the report presentation. Thank you.", "tokens": [50415, 4027, 281, 264, 12878, 5038, 3440, 13, 286, 669, 2114, 260, 1426, 13, 492, 362, 7365, 264, 35288, 4111, 293, 8246, 309, 10727, 13, 3087, 1823, 307, 281, 10723, 264, 1716, 322, 8138, 293, 10315, 264, 2275, 538, 6984, 13, 286, 486, 747, 1127, 295, 264, 2275, 5860, 13, 1044, 291, 13, 51265], "temperature": 0.0, "avg_logprob": -0.15312382091175425, "compression_ratio": 1.4333333333333333, "no_speech_prob": 7.472784196993487e-11}], "language": "English"}