{"text": " Good morning everyone this is the monthly planning meeting and I am Prerna so we have completed over 70% of our project the deadline for submitting the prototype is Friday we have decided to launch the project by Sunday it's really urgent and we need to finish it ASAP Raj will take action on the feedback", "segments": [{"id": 0, "seek": 0, "start": 0.0, "end": 8.52, "text": " Good morning everyone this is the monthly planning meeting and I am Prerna so we have", "tokens": [50365, 2205, 2446, 1518, 341, 307, 264, 12878, 5038, 3440, 293, 286, 669, 2114, 22250, 370, 321, 362, 50791], "temperature": 0.0, "avg_logprob": -0.17645271964695142, "compression_ratio": 1.4878048780487805, "no_speech_prob": 8.292196790327111e-12}, {"id": 1, "seek": 0, "start": 8.52, "end": 15.120000000000001, "text": " completed over 70% of our project the deadline for submitting the prototype is Friday we have", "tokens": [50791, 7365, 670, 5285, 4, 295, 527, 1716, 264, 20615, 337, 31836, 264, 19475, 307, 6984, 321, 362, 51121], "temperature": 0.0, "avg_logprob": -0.17645271964695142, "compression_ratio": 1.4878048780487805, "no_speech_prob": 8.292196790327111e-12}, {"id": 2, "seek": 0, "start": 15.120000000000001, "end": 20.28, "text": " decided to launch the project by Sunday it's really urgent and we need to finish it ASAP", "tokens": [51121, 3047, 281, 4025, 264, 1716, 538, 7776, 309, 311, 534, 19022, 293, 321, 643, 281, 2413, 309, 7469, 4715, 51379], "temperature": 0.0, "avg_logprob": -0.17645271964695142, "compression_ratio": 1.4878048780487805, "no_speech_prob": 8.292196790327111e-12}, {"id": 3, "seek": 0, "start": 20.28, "end": 22.76, "text": " Raj will take action on the feedback", "tokens": [51379, 16745, 486, 747, 3069, 322, 264, 5824, 51503], "temperature": 0.0, "avg_logprob": -0.17645271964695142, "compression_ratio": 1.4878048780487805, "no_speech_prob": 8.292196790327111e-12}], "language": "English"}