{"text": " Welcome to the monthly planning meeting. I am Prerna. We have completed the transcription feature and tested it successfully. Next step is to demo the project on Monday and submit the report by Friday. I will take care of the report preparation. Thank you.", "segments": [{"id": 0, "seek": 0, "start": 0.72, "end": 5.88, "text": " Welcome to the monthly planning meeting. I am Prerna. We have completed the", "tokens": [50401, 4027, 281, 264, 12878, 5038, 3440, 13, 286, 669, 2114, 22250, 13, 492, 362, 7365, 264, 50659], "temperature": 0.0, "avg_logprob": -0.21140085856119792, "compression_ratio": 1.4301675977653632, "no_speech_prob": 7.296875777218492e-12}, {"id": 1, "seek": 0, "start": 5.88, "end": 10.14, "text": " transcription feature and tested it successfully. Next step is to demo the", "tokens": [50659, 35288, 4111, 293, 8246, 309, 10727, 13, 3087, 1823, 307, 281, 10723, 264, 50872], "temperature": 0.0, "avg_logprob": -0.21140085856119792, "compression_ratio": 1.4301675977653632, "no_speech_prob": 7.296875777218492e-12}, {"id": 2, "seek": 0, "start": 10.14, "end": 14.68, "text": " project on Monday and submit the report by Friday. I will take care of the report", "tokens": [50872, 1716, 322, 8138, 293, 10315, 264, 2275, 538, 6984, 13, 286, 486, 747, 1127, 295, 264, 2275, 51099], "temperature": 0.0, "avg_logprob": -0.21140085856119792, "compression_ratio": 1.4301675977653632, "no_speech_prob": 7.296875777218492e-12}, {"id": 3, "seek": 0, "start": 14.68, "end": 18.28, "text": " preparation. Thank you.", "tokens": [51099, 13081, 13, 1044, 291, 13, 51279], "temperature": 0.0, "avg_logprob": -0.21140085856119792, "compression_ratio": 1.4301675977653632, "no_speech_prob": 7.296875777218492e-12}], "language": "English"}