{"text": " Welcome to the monthly planning meeting. We have completed over 70% of our project. The deadline for submitting the prototype is Friday. We have decided to launch the project by Sunday. It's really urgent and we need to finish it aside. Raj will take action on the feedback. One important thing, let's schedule a follow-up for Wednesday to track this task. Thank you.", "segments": [{"id": 0, "seek": 0, "start": 0.88, "end": 8.08, "text": " Welcome to the monthly planning meeting. We have completed over 70% of our project.", "tokens": [50409, 4027, 281, 264, 12878, 5038, 3440, 13, 492, 362, 7365, 670, 5285, 4, 295, 527, 1716, 13, 50769], "temperature": 0.0, "avg_logprob": -0.15912654995918274, "compression_ratio": 1.4270833333333333, "no_speech_prob": 5.382674774651042e-12}, {"id": 1, "seek": 0, "start": 8.96, "end": 14.96, "text": " The deadline for submitting the prototype is Friday. We have decided to launch the project by", "tokens": [50813, 440, 20615, 337, 31836, 264, 19475, 307, 6984, 13, 492, 362, 3047, 281, 4025, 264, 1716, 538, 51113], "temperature": 0.0, "avg_logprob": -0.15912654995918274, "compression_ratio": 1.4270833333333333, "no_speech_prob": 5.382674774651042e-12}, {"id": 2, "seek": 0, "start": 14.96, "end": 23.6, "text": " Sunday. It's really urgent and we need to finish it aside. Raj will take action on the feedback.", "tokens": [51113, 7776, 13, 467, 311, 534, 19022, 293, 321, 643, 281, 2413, 309, 7359, 13, 16745, 486, 747, 3069, 322, 264, 5824, 13, 51545], "temperature": 0.0, "avg_logprob": -0.15912654995918274, "compression_ratio": 1.4270833333333333, "no_speech_prob": 5.382674774651042e-12}, {"id": 3, "seek": 2360, "start": 23.6, "end": 41.2, "text": " One important thing, let's schedule a follow-up for Wednesday to track this task. Thank you.", "tokens": [50365, 1485, 1021, 551, 11, 718, 311, 7567, 257, 1524, 12, 1010, 337, 10579, 281, 2837, 341, 5633, 13, 1044, 291, 13, 51245], "temperature": 0.0, "avg_logprob": -0.3171928326288859, "compression_ratio": 1.0454545454545454, "no_speech_prob": 2.3595908213436267e-12}], "language": "English"}