{"text": " welcome to the monthly planning meeting the deadline for submitting the report is Friday we have decided to launch the project by Sunday it's really urgent and we need to finish it asap Raj will take action on the feedback one important thing let's schedule a follow-up for Wednesday to track this task", "segments": [{"id": 0, "seek": 0, "start": 0.04, "end": 5.4, "text": " welcome to the monthly planning meeting the deadline for submitting the report", "tokens": [50367, 2928, 281, 264, 12878, 5038, 3440, 264, 20615, 337, 31836, 264, 2275, 50635], "temperature": 0.0, "avg_logprob": -0.1676441021819613, "compression_ratio": 1.5024875621890548, "no_speech_prob": 7.1443519503167074e-12}, {"id": 1, "seek": 0, "start": 5.4, "end": 11.58, "text": " is Friday we have decided to launch the project by Sunday it's really urgent and", "tokens": [50635, 307, 6984, 321, 362, 3047, 281, 4025, 264, 1716, 538, 7776, 309, 311, 534, 19022, 293, 50944], "temperature": 0.0, "avg_logprob": -0.1676441021819613, "compression_ratio": 1.5024875621890548, "no_speech_prob": 7.1443519503167074e-12}, {"id": 2, "seek": 0, "start": 11.58, "end": 17.1, "text": " we need to finish it asap Raj will take action on the feedback one important", "tokens": [50944, 321, 643, 281, 2413, 309, 382, 569, 16745, 486, 747, 3069, 322, 264, 5824, 472, 1021, 51220], "temperature": 0.0, "avg_logprob": -0.1676441021819613, "compression_ratio": 1.5024875621890548, "no_speech_prob": 7.1443519503167074e-12}, {"id": 3, "seek": 0, "start": 17.1, "end": 23.64, "text": " thing let's schedule a follow-up for Wednesday to track this task", "tokens": [51220, 551, 718, 311, 7567, 257, 1524, 12, 1010, 337, 10579, 281, 2837, 341, 5633, 51547], "temperature": 0.0, "avg_logprob": -0.1676441021819613, "compression_ratio": 1.5024875621890548, "no_speech_prob": 7.1443519503167074e-12}], "language": "English"}