{"text": " Hall\u00f3, I am Br\u00ed\u00f0ina.", "segments": [{"id": 0, "seek": 0, "start": 0.0, "end": 4.92, "text": " Hall\u00f3, I am Br\u00ed\u00f0ina.", "tokens": [50365, 5434, 812, 11, 286, 669, 1603, 870, 23436, 1426, 13, 50611], "temperature": 0.0, "avg_logprob": -0.48276057610144985, "compression_ratio": 0.7419354838709677, "no_speech_prob": 3.5973948819822965e-10}], "language": "English"}