{"text": " Great tactic, true who will let you know todays Eve sister", "segments": [{"id": 0, "seek": 0, "start": 0.0, "end": 4.08, "text": " Great tactic, true who will let you know todays Eve sister", "tokens": [50365, 3769, 31012, 11, 2074, 567, 486, 718, 291, 458, 965, 82, 15544, 4892, 50569], "temperature": 1.0, "avg_logprob": -0.6234796142578125, "compression_ratio": 7.555555555555555, "no_speech_prob": 1.3277763610819449e-10}], "language": "English"}