{"text": " hello this is weekly planning meeting present are prayer now we need to complete the front end design by Monday we agreed to move the demo to next Monday I will write the summary report and upload it thank you", "segments": [{"id": 0, "seek": 0, "start": 0.0, "end": 9.0, "text": " hello this is weekly planning meeting present are prayer now we need to complete the front", "tokens": [50365, 7751, 341, 307, 12460, 5038, 3440, 1974, 366, 8767, 586, 321, 643, 281, 3566, 264, 1868, 50815], "temperature": 0.0, "avg_logprob": -0.2578627606655689, "compression_ratio": 1.471830985915493, "no_speech_prob": 3.2261228410934706e-11}, {"id": 1, "seek": 0, "start": 9.0, "end": 17.22, "text": " end design by Monday we agreed to move the demo to next Monday I will write the summary report", "tokens": [50815, 917, 1715, 538, 8138, 321, 9166, 281, 1286, 264, 10723, 281, 958, 8138, 286, 486, 2464, 264, 12691, 2275, 51226], "temperature": 0.0, "avg_logprob": -0.2578627606655689, "compression_ratio": 1.471830985915493, "no_speech_prob": 3.2261228410934706e-11}, {"id": 2, "seek": 0, "start": 17.22, "end": 18.900000000000002, "text": " and upload it thank you", "tokens": [51226, 293, 6580, 309, 1309, 291, 51310], "temperature": 0.0, "avg_logprob": -0.2578627606655689, "compression_ratio": 1.471830985915493, "no_speech_prob": 3.2261228410934706e-11}], "language": "English"}