{"text": " Hello, I am right now so I am here to have a quick testing of this recorder.", "segments": [{"id": 0, "seek": 0, "start": 0.0, "end": 7.98, "text": " Hello, I am right now so I am here to have a quick testing of this recorder.", "tokens": [50365, 2425, 11, 286, 669, 558, 586, 370, 286, 669, 510, 281, 362, 257, 1702, 4997, 295, 341, 37744, 13, 50764], "temperature": 0.0, "avg_logprob": -0.21562309698625046, "compression_ratio": 1.0410958904109588, "no_speech_prob": 2.576353297367717e-10}], "language": "English"}